{
  "model_name": "simple_cnn",
  "hyperparameters": {
    "epochs": 20,
    "batch_size": 128,
    "learning_rate": 0.001
  },
  "final_val_accuracy": 0.5984331056649257,
  "final_train_accuracy": 0.968334881852196,
  "per_class_metrics": {
    "angry": {
      "precision": 0.4851390220517737,
      "recall": 0.42592592592592593,
      "f1-score": 0.45360824742268047,
      "support": 1188
    },
    "disgust": {
      "precision": 0.742772424017791,
      "recall": 0.8336106489184693,
      "f1-score": 0.7855742845942767,
      "support": 1202
    },
    "fear": {
      "precision": 0.4059011164274322,
      "recall": 0.4426086956521739,
      "f1-score": 0.4234608985024958,
      "support": 1150
    },
    "happy": {
      "precision": 0.740478994895956,
      "recall": 0.8192875760208514,
      "f1-score": 0.7778923489379255,
      "support": 2302
    },
    "neutral": {
      "precision": 0.5185410334346504,
      "recall": 0.523955773955774,
      "f1-score": 0.5212343415826459,
      "support": 1628
    },
    "sad": {
      "precision": 0.4647887323943662,
      "recall": 0.3524027459954233,
      "f1-score": 0.4008676789587852,
      "support": 1311
    },
    "surprise": {
      "precision": 0.6583629893238434,
      "recall": 0.6297872340425532,
      "f1-score": 0.6437581557198782,
      "support": 1175
    },
    "accuracy": 0.5984331056649257,
    "macro avg": {
      "precision": 0.5737120446494018,
      "recall": 0.5753683715015959,
      "f1-score": 0.572342279388384,
      "support": 9956
    },
    "weighted avg": {
      "precision": 0.5893557538233297,
      "recall": 0.5984331056649257,
      "f1-score": 0.5917394512591214,
      "support": 9956
    }
  },
  "confusion_matrix": [
    [
      506,
      106,
      200,
      95,
      135,
      92,
      54
    ],
    [
      32,
      1002,
      37,
      35,
      52,
      20,
      24
    ],
    [
      132,
      65,
      509,
      79,
      131,
      103,
      131
    ],
    [
      56,
      27,
      49,
      1886,
      140,
      87,
      57
    ],
    [
      117,
      61,
      115,
      221,
      853,
      188,
      73
    ],
    [
      148,
      43,
      199,
      138,
      276,
      462,
      45
    ],
    [
      52,
      45,
      145,
      93,
      58,
      42,
      740
    ]
  ],
  "training_history": {
    "train_loss": [
      1.5236196804505129,
      1.2538658315554643,
      1.137715849165733,
      1.056999103190043,
      0.980337473253409,
      0.9058140254555604,
      0.8305033431985439,
      0.7619465356453871,
      0.6819501968148427,
      0.6101282083262236,
      0.5363057548036942,
      0.47194512159778523,
      0.40684369607613635,
      0.3461815836146856,
      0.2944807650234837,
      0.24793075022693628,
      0.20052179290602604,
      0.16563041610882068,
      0.13585167557287675,
      0.10473696666602524
    ],
    "train_accuracy": [
      0.41852698189488485,
      0.5259774502172112,
      0.5732365718303493,
      0.6022650227255606,
      0.6337794741732165,
      0.6633854807523291,
      0.6922632649473922,
      0.7185797152399367,
      0.7506717223714938,
      0.7795997287999398,
      0.808000401777867,
      0.831278406950757,
      0.8571679682595486,
      0.8783617507470557,
      0.8994048665344148,
      0.9174597594355021,
      0.9347362077191572,
      0.9477437661652813,
      0.9582402129422696,
      0.968334881852196
    ],
    "val_loss": [
      1.3292878224299505,
      1.2085078901205308,
      1.1491449765669994,
      1.1200252924209986,
      1.0847534109384587,
      1.0775614816408892,
      1.107715176466184,
      1.1160495648017297,
      1.1559510299792657,
      1.1658777021444762,
      1.2203823305093324,
      1.2820180295369563,
      1.3540174181644733,
      1.4741967855355678,
      1.5545185620968158,
      1.674359020514366,
      1.7572141870474205,
      1.9942550506347265,
      2.112488260635963,
      2.2469270412738505
    ],
    "val_accuracy": [
      0.49839292888710324,
      0.5369626355966252,
      0.5610687022900763,
      0.575431900361591,
      0.5899959823222177,
      0.5957211731619124,
      0.5999397348332663,
      0.6026516673362796,
      0.6023503415026115,
      0.6075733226195259,
      0.594917637605464,
      0.6111892326235436,
      0.6140016070711128,
      0.6001406187223784,
      0.6061671353957413,
      0.6029529931699478,
      0.5959220570510245,
      0.5947167537163519,
      0.598935315387706,
      0.5984331056649257
    ]
  }
}