{
  "model_name": "simple_cnn",
  "hyperparameters": {
    "epochs": 5,
    "batch_size": 32,
    "learning_rate": 0.001
  },
  "final_val_accuracy": 0.6038569706709522,
  "final_train_accuracy": 0.6860105968912438,
  "per_class_metrics": {
    "angry": {
      "precision": 0.5166240409207161,
      "recall": 0.3485763589301122,
      "f1-score": 0.4162802679031427,
      "support": 1159
    },
    "disgust": {
      "precision": 0.7252573238321457,
      "recall": 0.8,
      "f1-score": 0.7607973421926909,
      "support": 1145
    },
    "fear": {
      "precision": 0.4176991150442478,
      "recall": 0.3993231810490694,
      "f1-score": 0.40830449826989623,
      "support": 1182
    },
    "happy": {
      "precision": 0.769939879759519,
      "recall": 0.8305231301340251,
      "f1-score": 0.7990848585690516,
      "support": 2313
    },
    "neutral": {
      "precision": 0.5332270069112174,
      "recall": 0.5931401537551745,
      "f1-score": 0.5615901455767077,
      "support": 1691
    },
    "sad": {
      "precision": 0.42812006319115326,
      "recall": 0.4277821625887924,
      "f1-score": 0.42795104619028823,
      "support": 1267
    },
    "surprise": {
      "precision": 0.6619841966637401,
      "recall": 0.6288573811509591,
      "f1-score": 0.6449957228400343,
      "support": 1199
    },
    "accuracy": 0.6038569706709522,
    "macro avg": {
      "precision": 0.5789788037603912,
      "recall": 0.5754574810868761,
      "f1-score": 0.5741434116488302,
      "support": 9956
    },
    "weighted avg": {
      "precision": 0.5967870867447639,
      "recall": 0.6038569706709522,
      "f1-score": 0.597598811321225,
      "support": 9956
    }
  },
  "confusion_matrix": [
    [
      404,
      126,
      178,
      100,
      154,
      146,
      51
    ],
    [
      39,
      916,
      45,
      37,
      54,
      35,
      19
    ],
    [
      102,
      86,
      472,
      67,
      126,
      165,
      164
    ],
    [
      47,
      14,
      47,
      1921,
      138,
      92,
      54
    ],
    [
      63,
      41,
      113,
      162,
      1003,
      247,
      62
    ],
    [
      100,
      32,
      115,
      130,
      313,
      542,
      35
    ],
    [
      27,
      48,
      160,
      78,
      93,
      39,
      754
    ]
  ],
  "training_history": {
    "train_loss": [
      1.4279237900871828,
      1.178767765477958,
      1.0478458693707324,
      0.941071316899066,
      0.8364803957173145
    ],
    "train_accuracy": [
      0.45596765688170154,
      0.5496823443738543,
      0.605152801145067,
      0.6461592547020566,
      0.6860105968912438
    ],
    "val_loss": [
      1.2604962956064787,
      1.156811273059784,
      1.1112345833426867,
      1.073227693637212,
      1.0611133632751613
    ],
    "val_accuracy": [
      0.5254118119726798,
      0.5551426275612696,
      0.581759742868622,
      0.5976295701084773,
      0.6038569706709522
    ]
  }
}