{
  "model_name": "large_cnn",
  "hyperparameters": {
    "epochs": 20,
    "batch_size": 128,
    "learning_rate": 0.001
  },
  "final_val_accuracy": 0.7169546002410606,
  "final_train_accuracy": 0.8118172915149536,
  "per_class_metrics": {
    "angry": {
      "precision": 0.6522222222222223,
      "recall": 0.4941077441077441,
      "f1-score": 0.5622605363984674,
      "support": 1188
    },
    "disgust": {
      "precision": 0.844,
      "recall": 0.8895446880269815,
      "f1-score": 0.8661740558292284,
      "support": 1186
    },
    "fear": {
      "precision": 0.6293558606124604,
      "recall": 0.5098374679213002,
      "f1-score": 0.5633270321361058,
      "support": 1169
    },
    "happy": {
      "precision": 0.8503118503118503,
      "recall": 0.8934032328527741,
      "f1-score": 0.8713250958670643,
      "support": 2289
    },
    "neutral": {
      "precision": 0.6127320954907162,
      "recall": 0.7138442521631644,
      "f1-score": 0.659434770196974,
      "support": 1618
    },
    "sad": {
      "precision": 0.5522807017543859,
      "recall": 0.5908408408408409,
      "f1-score": 0.5709104098657962,
      "support": 1332
    },
    "surprise": {
      "precision": 0.7980769230769231,
      "recall": 0.7776831345826235,
      "f1-score": 0.7877480586712684,
      "support": 1174
    },
    "accuracy": 0.7169546002410606,
    "macro avg": {
      "precision": 0.7055685219240797,
      "recall": 0.6956087657850613,
      "f1-score": 0.697311422709272,
      "support": 9956
    },
    "weighted avg": {
      "precision": 0.715336034487035,
      "recall": 0.7169546002410606,
      "f1-score": 0.7131854899017352,
      "support": 9956
    }
  },
  "confusion_matrix": [
    [
      587,
      90,
      134,
      71,
      122,
      149,
      35
    ],
    [
      35,
      1055,
      16,
      20,
      38,
      16,
      6
    ],
    [
      105,
      30,
      596,
      23,
      100,
      183,
      132
    ],
    [
      16,
      6,
      25,
      2045,
      126,
      37,
      34
    ],
    [
      51,
      16,
      29,
      118,
      1155,
      233,
      16
    ],
    [
      83,
      33,
      67,
      80,
      274,
      787,
      8
    ],
    [
      23,
      20,
      80,
      48,
      70,
      20,
      913
    ]
  ],
  "training_history": {
    "train_loss": [
      1.455290389366639,
      1.1632294832513883,
      1.072043816248576,
      1.006386900941531,
      0.9643847997754048,
      0.9169489198770279,
      0.8784958231143463,
      0.8489408126244178,
      0.809978862794546,
      0.7743427665569843,
      0.7452104233014278,
      0.7166363388682023,
      0.6849382476737866,
      0.6586945354938507,
      0.6200013154974351,
      0.599904788705783,
      0.5672712469330201,
      0.538505881642684,
      0.5263671931356956,
      0.5054787810032184
    ],
    "train_accuracy": [
      0.4452954322878738,
      0.5608567913015092,
      0.5951083544685232,
      0.6208723601938578,
      0.6384501418778094,
      0.654571478793662,
      0.671973482660774,
      0.6827712628380584,
      0.6977123772694171,
      0.7102428244984055,
      0.7221454938101097,
      0.7321146071365794,
      0.7454234989829998,
      0.7557441679431485,
      0.768575948572433,
      0.7765612836802852,
      0.7903975089772243,
      0.7996635110363358,
      0.8053637345252743,
      0.8118172915149536
    ],
    "val_loss": [
      1.1860234767962725,
      1.1387481284447205,
      1.004793719603465,
      0.9554703518366202,
      0.9445244945012606,
      0.9046223033697177,
      0.850655469374779,
      0.9025069658572857,
      0.85619928363042,
      0.865349992727622,
      0.8052989412576724,
      0.8059781102033762,
      0.7976714357351645,
      0.8063957989215851,
      0.8597128735138819,
      0.7790854909481146,
      0.8105948980037982,
      0.813204118074515,
      0.8204144774339138,
      0.8248150784235734
    ],
    "val_accuracy": [
      0.5508236239453596,
      0.5612695861791884,
      0.620630775411812,
      0.6390116512655685,
      0.6448372840498192,
      0.6602049015668944,
      0.680996384089996,
      0.668139815186822,
      0.6852149457613499,
      0.6814985938127762,
      0.7019887505022098,
      0.7016874246685416,
      0.7104258738449176,
      0.7051024507834471,
      0.6965648854961832,
      0.719967858577742,
      0.7132382482924869,
      0.7165528324628365,
      0.7178585777420651,
      0.7169546002410606
    ]
  }
}