{
  "model_name": "medium_cnn",
  "hyperparameters": {
    "epochs": 20,
    "batch_size": 128,
    "learning_rate": 0.001
  },
  "final_val_accuracy": 0.5997388509441542,
  "final_train_accuracy": 0.49632122140471585,
  "per_class_metrics": {
    "angry": {
      "precision": 0.4749679075738126,
      "recall": 0.3167808219178082,
      "f1-score": 0.3800719054956343,
      "support": 1168
    },
    "disgust": {
      "precision": 0.6970610399397137,
      "recall": 0.7892491467576792,
      "f1-score": 0.7402961184473791,
      "support": 1172
    },
    "fear": {
      "precision": 0.42729970326409494,
      "recall": 0.11783960720130933,
      "f1-score": 0.18473380372033354,
      "support": 1222
    },
    "happy": {
      "precision": 0.7722660653889515,
      "recall": 0.9025032938076416,
      "f1-score": 0.8323207776427703,
      "support": 2277
    },
    "neutral": {
      "precision": 0.4792071511853867,
      "recall": 0.7555147058823529,
      "f1-score": 0.5864447086801426,
      "support": 1632
    },
    "sad": {
      "precision": 0.38976744186046514,
      "recall": 0.3253105590062112,
      "f1-score": 0.354633939906898,
      "support": 1288
    },
    "surprise": {
      "precision": 0.6852159468438538,
      "recall": 0.6892230576441103,
      "f1-score": 0.687213660974594,
      "support": 1197
    },
    "accuracy": 0.5997388509441542,
    "macro avg": {
      "precision": 0.560826465150897,
      "recall": 0.5566315988881589,
      "f1-score": 0.5379592735525359,
      "support": 9956
    },
    "weighted avg": {
      "precision": 0.5782059207872486,
      "recall": 0.5997388509441542,
      "f1-score": 0.5693984719396075,
      "support": 9956
    }
  },
  "confusion_matrix": [
    [
      370,
      166,
      62,
      101,
      188,
      226,
      55
    ],
    [
      67,
      925,
      22,
      50,
      70,
      26,
      12
    ],
    [
      206,
      153,
      144,
      76,
      238,
      178,
      227
    ],
    [
      19,
      2,
      6,
      2055,
      116,
      47,
      32
    ],
    [
      24,
      11,
      14,
      155,
      1233,
      164,
      31
    ],
    [
      75,
      13,
      12,
      148,
      599,
      419,
      22
    ],
    [
      18,
      57,
      77,
      76,
      129,
      15,
      825
    ]
  ],
  "training_history": {
    "train_loss": [
      1.7695806282453048,
      1.55238293722654,
      1.4925164989171884,
      1.448622085727178,
      1.424641361221289,
      1.4079434321476862,
      1.3899241582705424,
      1.3778464400615447,
      1.3685461680094402,
      1.3586060454448063,
      1.3456791047102366,
      1.337159948853346,
      1.3262742073872151,
      1.3132503559956183,
      1.3086934574903586,
      1.3018962872716098,
      1.2896760784280605,
      1.2805784661800435,
      1.279710536583876,
      1.274622882023836
    ],
    "train_accuracy": [
      0.31029806895512646,
      0.40012053336011855,
      0.41704542601009464,
      0.43673254149612034,
      0.4433618763026392,
      0.4527785450618989,
      0.454812545513899,
      0.4625216583381463,
      0.4638776586394797,
      0.46915099314466513,
      0.47105943801320843,
      0.47326921628204804,
      0.47901966200436935,
      0.48517188559375235,
      0.4869296637621475,
      0.48775833061296237,
      0.48913944203098714,
      0.49792833287296284,
      0.49554277678728376,
      0.49632122140471585
    ],
    "val_loss": [
      1.524154394100874,
      1.3706540358372223,
      1.3158878439512007,
      1.2425746627343006,
      1.2239905748611841,
      1.210313537181952,
      1.21029739960646,
      1.1813306693847363,
      1.1557125953527598,
      1.169228766973202,
      1.144372244675954,
      1.143376553669954,
      1.1286357725277925,
      1.120424482302788,
      1.1149079914276416,
      1.0846266494347498,
      1.089539375824806,
      1.1036460674726045,
      1.079783326540238,
      1.0671638792906053
    ],
    "val_accuracy": [
      0.46474487746082765,
      0.4889513860988349,
      0.5080353555644838,
      0.5355564483728404,
      0.5455002008838891,
      0.5632784250703093,
      0.5530333467255926,
      0.5577541181197267,
      0.564584170349538,
      0.5588589795098433,
      0.5738248292486943,
      0.5759341100843712,
      0.5758336681398152,
      0.5773402973081558,
      0.5898955403776617,
      0.5985335476094817,
      0.5925070309361189,
      0.5876858175974287,
      0.598935315387706,
      0.5997388509441542
    ]
  }
}