{
  "model_name": "large_cnn",
  "hyperparameters": {
    "epochs": 16,
    "batch_size": 128,
    "learning_rate": 0.01
  },
  "final_val_accuracy": 0.7027922860586581,
  "final_train_accuracy": 0.7772895060643347,
  "per_class_metrics": {
    "angry": {
      "precision": 0.5983231707317073,
      "recall": 0.625,
      "f1-score": 0.6113707165109035,
      "support": 1256
    },
    "disgust": {
      "precision": 0.7887740029542097,
      "recall": 0.8974789915966387,
      "f1-score": 0.839622641509434,
      "support": 1190
    },
    "fear": {
      "precision": 0.5990836197021764,
      "recall": 0.468218442256043,
      "f1-score": 0.5256281407035176,
      "support": 1117
    },
    "happy": {
      "precision": 0.8096200485044462,
      "recall": 0.8986092418124719,
      "f1-score": 0.8517967254943652,
      "support": 2229
    },
    "neutral": {
      "precision": 0.6896802325581395,
      "recall": 0.5730676328502415,
      "f1-score": 0.6259894459102903,
      "support": 1656
    },
    "sad": {
      "precision": 0.5288025889967638,
      "recall": 0.6250956388676359,
      "f1-score": 0.5729312762973353,
      "support": 1307
    },
    "surprise": {
      "precision": 0.8336594911937377,
      "recall": 0.7094088259783514,
      "f1-score": 0.766531713900135,
      "support": 1201
    },
    "accuracy": 0.7027922860586581,
    "macro avg": {
      "precision": 0.6925633078058829,
      "recall": 0.6852683961944832,
      "f1-score": 0.6848386657608544,
      "support": 9956
    },
    "weighted avg": {
      "precision": 0.7029364157429694,
      "recall": 0.7027922860586581,
      "f1-score": 0.6989632770760156,
      "support": 9956
    }
  },
  "confusion_matrix": [
    [
      785,
      82,
      113,
      73,
      60,
      124,
      19
    ],
    [
      31,
      1068,
      14,
      29,
      19,
      16,
      13
    ],
    [
      157,
      42,
      523,
      58,
      74,
      187,
      76
    ],
    [
      36,
      24,
      17,
      2003,
      65,
      70,
      14
    ],
    [
      105,
      62,
      31,
      169,
      949,
      307,
      33
    ],
    [
      147,
      50,
      56,
      53,
      169,
      817,
      15
    ],
    [
      51,
      26,
      119,
      89,
      40,
      24,
      852
    ]
  ],
  "training_history": {
    "train_loss": [
      1.509254735822861,
      1.2106649220371857,
      1.1120684817433357,
      1.0385438083456113,
      0.9842165876657535,
      0.934571073223383,
      0.9009461452563604,
      0.8608608610737019,
      0.8193152193457652,
      0.7880204356251619,
      0.7526717577607204,
      0.7262847510476907,
      0.689185576274609,
      0.6692123379653845,
      0.6450827881120719,
      0.6074839551479388
    ],
    "train_accuracy": [
      0.42402631645029254,
      0.5391607864801747,
      0.5816990181553374,
      0.6101750244833388,
      0.6327750295055621,
      0.6507545890565753,
      0.6649423699871934,
      0.6759410390980087,
      0.6965321547849233,
      0.7073048238455164,
      0.7194837154408257,
      0.7305074956683324,
      0.7445697210154936,
      0.7550410566757904,
      0.7613439469653216,
      0.7772895060643347
    ],
    "val_loss": [
      1.2853595782548954,
      1.2519767292034931,
      1.0246423673935425,
      0.9548626847756214,
      0.9224382012318342,
      0.909791377110359,
      0.927716586070183,
      0.8927021752565335,
      0.8329929098104819,
      0.8613395828467149,
      0.8368403644133837,
      0.8053852075185531,
      0.8660177680162283,
      0.8262544579994984,
      0.8486896600478735,
      0.834938413821734
    ],
    "val_accuracy": [
      0.512856568903174,
      0.5264162314182402,
      0.6190237042989152,
      0.6429288871032544,
      0.6586982723985536,
      0.6586982723985536,
      0.6537766171153073,
      0.6640216954600241,
      0.6891321815990358,
      0.6836078746484532,
      0.6962635596625151,
      0.706709521896344,
      0.6867215749296907,
      0.7040980313378867,
      0.6985737243873041,
      0.7027922860586581
    ]
  }
}