{
  "model_name": "medium_cnn",
  "hyperparameters": {
    "epochs": 10,
    "batch_size": 8,
    "learning_rate": 0.001
  },
  "final_val_accuracy": 0.14285714285714285,
  "final_train_accuracy": 0.509090909090909,
  "per_class_metrics": {
    "angry": {
      "precision": 0.0,
      "recall": 0.0,
      "f1-score": 0.0,
      "support": 2.0
    },
    "disgust": {
      "precision": 0.25,
      "recall": 0.5,
      "f1-score": 0.3333333333333333,
      "support": 2.0
    },
    "fear": {
      "precision": 0.0,
      "recall": 0.0,
      "f1-score": 0.0,
      "support": 1.0
    },
    "happy": {
      "precision": 0.0,
      "recall": 0.0,
      "f1-score": 0.0,
      "support": 5.0
    },
    "neutral": {
      "precision": 0.25,
      "recall": 1.0,
      "f1-score": 0.4,
      "support": 1.0
    },
    "sad": {
      "precision": 0.0,
      "recall": 0.0,
      "f1-score": 0.0,
      "support": 0.0
    },
    "surprise": {
      "precision": 0.0,
      "recall": 0.0,
      "f1-score": 0.0,
      "support": 3.0
    },
    "accuracy": 0.14285714285714285,
    "macro avg": {
      "precision": 0.07142857142857142,
      "recall": 0.21428571428571427,
      "f1-score": 0.10476190476190476,
      "support": 14.0
    },
    "weighted avg": {
      "precision": 0.05357142857142857,
      "recall": 0.14285714285714285,
      "f1-score": 0.07619047619047618,
      "support": 14.0
    }
  },
  "confusion_matrix": [
    [
      0,
      0,
      0,
      1,
      0,
      1,
      0
    ],
    [
      0,
      1,
      0,
      1,
      0,
      0,
      0
    ],
    [
      0,
      0,
      0,
      0,
      1,
      0,
      0
    ],
    [
      0,
      1,
      1,
      0,
      2,
      1,
      0
    ],
    [
      0,
      0,
      0,
      0,
      1,
      0,
      0
    ],
    [
      0,
      0,
      0,
      0,
      0,
      0,
      0
    ],
    [
      0,
      2,
      0,
      1,
      0,
      0,
      0
    ]
  ],
  "training_history": {
    "train_loss": [
      3.339053290230887,
      2.733145764895848,
      2.6748249530792236,
      2.1320672716413225,
      1.9692623104367937,
      1.4467883110046387,
      1.5684411014829363,
      1.4155214514051164,
      1.3606496623584203,
      1.3410612089293343
    ],
    "train_accuracy": [
      0.18181818181818182,
      0.2909090909090909,
      0.21818181818181817,
      0.2727272727272727,
      0.3090909090909091,
      0.4727272727272727,
      0.34545454545454546,
      0.509090909090909,
      0.5454545454545454,
      0.509090909090909
    ],
    "val_loss": [
      2.0506997108459473,
      2.2196720838546753,
      2.1048644185066223,
      2.052330255508423,
      2.198851704597473,
      2.0733988285064697,
      2.15796959400177,
      2.2417469024658203,
      2.1851372718811035,
      2.255384922027588
    ],
    "val_accuracy": [
      0.14285714285714285,
      0.07142857142857142,
      0.14285714285714285,
      0.14285714285714285,
      0.0,
      0.07142857142857142,
      0.07142857142857142,
      0.21428571428571427,
      0.07142857142857142,
      0.14285714285714285
    ]
  }
}