{
  "model_name": "medium_cnn",
  "hyperparameters": {
    "epochs": 35,
    "batch_size": 128,
    "learning_rate": 0.001
  },
  "final_val_accuracy": 0.5925070309361189,
  "final_train_accuracy": 0.47570499460110993,
  "per_class_metrics": {
    "angry": {
      "precision": 0.43813131313131315,
      "recall": 0.2993960310612597,
      "f1-score": 0.3557150179395182,
      "support": 1159
    },
    "disgust": {
      "precision": 0.75,
      "recall": 0.7709923664122137,
      "f1-score": 0.7603513174404015,
      "support": 1179
    },
    "fear": {
      "precision": 0.3524590163934426,
      "recall": 0.17565359477124182,
      "f1-score": 0.23446019629225734,
      "support": 1224
    },
    "happy": {
      "precision": 0.7715438210487715,
      "recall": 0.9135909683022145,
      "f1-score": 0.8365805168986084,
      "support": 2303
    },
    "neutral": {
      "precision": 0.5057524160147262,
      "recall": 0.6648517846339987,
      "f1-score": 0.5744903293256665,
      "support": 1653
    },
    "sad": {
      "precision": 0.33209509658246655,
      "recall": 0.3576,
      "f1-score": 0.34437596302003076,
      "support": 1250
    },
    "surprise": {
      "precision": 0.7098540145985401,
      "recall": 0.6548821548821548,
      "f1-score": 0.6812609457092819,
      "support": 1188
    },
    "accuracy": 0.5925070309361189,
    "macro avg": {
      "precision": 0.55140509682418,
      "recall": 0.5481381285804405,
      "f1-score": 0.5410334695179664,
      "support": 9956
    },
    "weighted avg": {
      "precision": 0.5719921285258716,
      "recall": 0.5925070309361189,
      "f1-score": 0.573703554779665,
      "support": 9956
    }
  },
  "confusion_matrix": [
    [
      347,
      140,
      111,
      89,
      167,
      280,
      25
    ],
    [
      121,
      909,
      28,
      30,
      44,
      44,
      3
    ],
    [
      184,
      124,
      215,
      89,
      175,
      211,
      226
    ],
    [
      11,
      1,
      21,
      2104,
      86,
      45,
      35
    ],
    [
      24,
      5,
      33,
      197,
      1099,
      278,
      17
    ],
    [
      73,
      9,
      37,
      142,
      530,
      447,
      12
    ],
    [
      32,
      24,
      165,
      76,
      72,
      41,
      778
    ]
  ],
  "training_history": {
    "train_loss": [
      1.8179823435269868,
      1.614526316905633,
      1.55551222157784,
      1.526689119828053,
      1.4929187083855653,
      1.4778386476712349,
      1.463520892155476,
      1.4498182535171509,
      1.4510028740534415,
      1.4391559221041508,
      1.424907733232547,
      1.4136931302073674,
      1.4076327849657109,
      1.4011492381493251,
      1.4017936423038826,
      1.3954287874392974,
      1.3885910102190115,
      1.3816280842591555,
      1.3758267190976021,
      1.3724948053176587,
      1.3623140832552543,
      1.3513981940654607,
      1.352826857414001,
      1.346007912968978,
      1.345418998064139,
      1.3439916299703794,
      1.3325225928655038,
      1.3308147505307808,
      1.3302839333430314,
      1.3227909971506169,
      1.317732511422573,
      1.315663796968949,
      1.320660181916677,
      1.311103826149916,
      1.3077815824594252
    ],
    "train_accuracy": [
      0.2805162845591743,
      0.37031363784747506,
      0.39208497601888354,
      0.40092408909424204,
      0.4128518695226377,
      0.41594053687567484,
      0.42314742736609495,
      0.4230469828993295,
      0.42945031765562613,
      0.4325892072420461,
      0.4349496522110338,
      0.437058986013108,
      0.4429349873188861,
      0.4437134319363182,
      0.44333676518594783,
      0.4471285438063431,
      0.44481832107073804,
      0.4489616553248123,
      0.4504432112096025,
      0.4549632122140472,
      0.4570976571328127,
      0.45699721266604726,
      0.45707254601612135,
      0.46425432538985006,
      0.4613665469703438,
      0.4624714361047636,
      0.4681716595937021,
      0.4690505486778997,
      0.4682469929437762,
      0.4734701052155789,
      0.47377143861587523,
      0.4753032167340482,
      0.47389699419933207,
      0.47711121713582605,
      0.47570499460110993
    ],
    "val_loss": [
      1.543812673825484,
      1.4200658935766954,
      1.3538178786253319,
      1.3164262251976209,
      1.3153834159557636,
      1.2781980098822179,
      1.2535655590204091,
      1.2626061324889843,
      1.2583441642614512,
      1.1979937499914415,
      1.1944142923905299,
      1.19687403853123,
      1.1917105225416331,
      1.1520687876603541,
      1.1782741401440058,
      1.1772344089471376,
      1.1420511045517066,
      1.1516315470903347,
      1.1558841038972905,
      1.124153999181894,
      1.1347359388302534,
      1.140410223068335,
      1.1364687879880269,
      1.1320817157244072,
      1.119083780508775,
      1.1254577927100353,
      1.1302290849196606,
      1.0956748785116734,
      1.09862574782127,
      1.1118110976158044,
      1.1031885865407112,
      1.0975243731951103,
      1.0898985587633574,
      1.0909744096107972,
      1.103716443746518
    ],
    "val_accuracy": [
      0.43069505825632787,
      0.47699879469666534,
      0.5009039775010045,
      0.5140618722378465,
      0.5244073925271193,
      0.5228003214142226,
      0.5392728003214142,
      0.5364604258738449,
      0.5354560064282845,
      0.5548413017276015,
      0.5592607472880675,
      0.5613700281237445,
      0.5584572117316191,
      0.5665930092406589,
      0.5640819606267578,
      0.5647850542386501,
      0.5748292486942547,
      0.5653877059059863,
      0.5695058256327843,
      0.5792486942547208,
      0.5814584170349538,
      0.5827641623141824,
      0.5726195259140217,
      0.5896946564885496,
      0.5838690237042989,
      0.5873844917637605,
      0.5857774206508638,
      0.5943149859381278,
      0.5899959823222177,
      0.5850743270389714,
      0.5908999598232222,
      0.5912012856568903,
      0.5925070309361189,
      0.5922057051024507,
      0.5925070309361189
    ]
  }
}